{"stats":{"minecraft:dropped":{"patchouli:guide_book":2,"minecraft:oak_sapling":2},"minecraft:used":{"minecraft:dirt":2,"minecraft:sand":11,"minecraft:beef":1},"minecraft:mined":{"minecraft:grass":7,"minecraft:grass_block":2,"minecraft:sand":11,"minecraft:sugar_cane":1,"minecraft:oak_leaves":7},"minecraft:killed":{"minecraft:cow":2},"minecraft:picked_up":{"patchouli:guide_book":1,"minecraft:leather":1,"minecraft:wheat_seeds":1,"minecraft:beef":3,"minecraft:sand":11,"minecraft:oak_sapling":2,"minecraft:sugar_cane":3,"minecraft:dirt":2},"minecraft:custom":{"minecraft:time_since_rest":3260,"minecraft:crouch_one_cm":53,"minecraft:sprint_one_cm":23757,"minecraft:play_time":11254,"minecraft:deaths":1,"minecraft:damage_taken":260,"minecraft:walk_one_cm":13748,"minecraft:sneak_time":37,"minecraft:mob_kills":2,"minecraft:drop":3,"minecraft:jump":219,"minecraft:damage_dealt":310,"minecraft:leave_game":3,"minecraft:time_since_death":3233,"minecraft:total_world_time":11254,"minecraft:fall_one_cm":4234,"minecraft:fly_one_cm":30393},"minecraft:killed_by":{"minecraft:bee":1}},"DataVersion":3465}