{"stats":{"minecraft:picked_up":{"minecraft:oak_sapling":2},"minecraft:mined":{"minecraft:oak_leaves":4},"minecraft:dropped":{"patchouli:guide_book":1,"minecraft:oak_sapling":2},"minecraft:custom":{"minecraft:jump":17,"minecraft:time_since_rest":1992,"minecraft:leave_game":1,"minecraft:sprint_one_cm":1365,"minecraft:play_time":1992,"minecraft:time_since_death":1992,"minecraft:walk_one_cm":1703,"minecraft:sneak_time":6,"minecraft:total_world_time":1992,"minecraft:fall_one_cm":476,"minecraft:drop":2,"minecraft:fly_one_cm":1397}},"DataVersion":3465}