{"stats":{"minecraft:killed":{"minecraft:cow":1},"minecraft:dropped":{"patchouli:guide_book":2,"minecraft:oak_sapling":2},"minecraft:mined":{"minecraft:grass":4,"minecraft:grass_block":2,"minecraft:sand":1,"minecraft:oak_leaves":5},"minecraft:custom":{"minecraft:time_since_rest":5797,"minecraft:crouch_one_cm":6,"minecraft:sprint_one_cm":8207,"minecraft:play_time":5797,"minecraft:walk_one_cm":6056,"minecraft:sneak_time":17,"minecraft:mob_kills":1,"minecraft:drop":3,"minecraft:jump":85,"minecraft:damage_dealt":100,"minecraft:leave_game":2,"minecraft:time_since_death":5797,"minecraft:total_world_time":5797,"minecraft:fall_one_cm":1848,"minecraft:fly_one_cm":9830},"minecraft:used":{"minecraft:dirt":2,"minecraft:sand":1},"minecraft:picked_up":{"patchouli:guide_book":1,"minecraft:leather":1,"minecraft:wheat_seeds":1,"minecraft:beef":1,"minecraft:sand":1,"minecraft:oak_sapling":2,"minecraft:dirt":2}},"DataVersion":3465}