{
  "create:root": {
    "criteria": {
      "0": "2024-06-06 21:56:55 +0000"
    },
    "done": true
  },
  "minecraft:recipes/decorations/crafting_table": {
    "criteria": {
      "unlock_right_away": "2024-06-06 21:56:55 +0000"
    },
    "done": true
  },
  "yuushya:grant_book_on_join": {
    "criteria": {
      "tick": "2024-06-06 21:56:55 +0000"
    },
    "done": true
  },
  "pfm:grant_book_on_first_join": {
    "criteria": {
      "tick": "2024-06-06 21:56:55 +0000"
    },
    "done": true
  },
  "bakery:main/root": {
    "criteria": {
      "seeds": "2024-06-06 21:56:55 +0000"
    },
    "done": true
  },
  "betterdungeons:root": {
    "criteria": {
      "always": "2024-06-06 21:56:55 +0000"
    },
    "done": true
  },
  "farmersdelight:main/root": {
    "criteria": {
      "seeds": "2024-06-06 21:56:55 +0000"
    },
    "done": true
  },
  "minecraft:adventure/adventuring_time": {
    "criteria": {
      "minecraft:beach": "2024-06-06 21:56:57 +0000",
      "minecraft:forest": "2024-06-06 21:57:36 +0000",
      "minecraft:old_growth_birch_forest": "2024-06-06 21:57:37 +0000"
    },
    "done": false
  },
  "yuushya:recipes/pictor": {
    "criteria": {
      "has_iron_ingot": "2024-06-06 21:56:55 +0000"
    },
    "done": true
  },
  "DataVersion": 3465
}